Timestamp,Name,Email,Phone,Zip Code,Type of Assistance Needed,Description,Scheduled Date
10/15/2025 09:15:23,Maria Rodriguez,maria.r@email.com,402-555-0201,68110,Delivery Help,Need help carrying furniture up to 2nd floor apartment,
10/22/2025 14:30:45,James Wilson,j.wilson@email.com,402-555-0302,68105,Moving Assistance,Elderly client needs extra help with furniture placement,
11/5/2025 11:45:12,Sarah Thompson,sarah.t@email.com,402-555-0403,68111,Special Request,Client is disabled and needs careful furniture handling,
11/12/2025 16:20:33,Robert Chen,r.chen@email.com,402-555-0504,68134,Delivery Help,Heavy items need 2-person carry team,
11/18/2025 10:55:18,Linda Moore,linda.m@email.com,402-555-0605,68107,Moving Assistance,Client has mobility issues - need gentle service,
11/25/2025 13:10:27,Michael Jackson,m.jackson@email.com,402-555-0706,68008,Special Request,Fragile antique furniture requires extra care,
12/2/2025 08:35:41,Patricia Turner,p.turner@email.com,402-555-0807,68127,Delivery Help,Narrow staircase - need experienced movers,
12/8/2025 15:25:56,William Parker,w.parker@email.com,402-555-0908,68104,Moving Assistance,Senior citizen needs patient assistance,
12/15/2025 12:40:19,Karen Phillips,k.phillips@email.com,402-555-1009,68111,Special Request,Child safety - need to avoid certain areas during delivery,
12/20/2025 17:05:32,Thomas Evans,t.evans@email.com,402-555-1110,68112,Delivery Help,No elevator - need strong team for 3rd floor delivery,